{
  "total_jobs": 70,
  "scenarios": {
    "tiny": {
      "baseline": {
        "peak_rss_bytes": {
          "min": 99000320,
          "mean": 99118284.8,
          "max": 99131392
        },
        "peak_vram_bytes": {
          "min": 0,
          "mean": 0,
          "max": 0
        },
        "wall_s": {
          "min": 0.02453719599998294,
          "mean": 0.026633933199997274,
          "max": 0.030688207000025614
        },
        "cpu_s": {
          "min": 0.014594278000000016,
          "mean": 0.0167348677,
          "max": 0.02079837699999998
        },
        "energy_uj": "NA",
        "parity_percent": 100.0,
        "cache_hit_rate_percent": 0.0
      },
      "sqrt-2": {
        "peak_rss_bytes": {
          "min": 99131392,
          "mean": 99131392.0,
          "max": 99131392
        },
        "peak_vram_bytes": {
          "min": 0,
          "mean": 0,
          "max": 0
        },
        "wall_s": {
          "min": 0.025655486000005112,
          "mean": 0.02744590120000794,
          "max": 0.030364602000020113
        },
        "cpu_s": {
          "min": 0.01583751999999994,
          "mean": 0.017668449799999975,
          "max": 0.020560520999999943
        },
        "energy_uj": "NA",
        "parity_percent": 100.0,
        "cache_hit_rate_percent": 100.0
      },
      "sqrt-3": {
        "peak_rss_bytes": {
          "min": 99131392,
          "mean": 99131392.0,
          "max": 99131392
        },
        "peak_vram_bytes": {
          "min": 0,
          "mean": 0,
          "max": 0
        },
        "wall_s": {
          "min": 0.024631932999966466,
          "mean": 0.027485220999989225,
          "max": 0.030018657999960396
        },
        "cpu_s": {
          "min": 0.01491685399999998,
          "mean": 0.017702072999999995,
          "max": 0.0201567170000001
        },
        "energy_uj": "NA",
        "parity_percent": 100.0,
        "cache_hit_rate_percent": 100.0
      }
    },
    "synthetic-200": {
      "baseline": {
        "peak_rss_bytes": {
          "min": 99131392,
          "mean": 99131392.0,
          "max": 99131392
        },
        "peak_vram_bytes": {
          "min": 0,
          "mean": 0,
          "max": 0
        },
        "wall_s": {
          "min": 0.023658584999964205,
          "mean": 0.025621902600011025,
          "max": 0.027016065999987404
        },
        "cpu_s": {
          "min": 0.013724532999999983,
          "mean": 0.015745658099999994,
          "max": 0.017220811000000058
        },
        "energy_uj": "NA",
        "parity_percent": 100.0,
        "cache_hit_rate_percent": 0.0
      },
      "sqrt-7": {
        "peak_rss_bytes": {
          "min": 99131392,
          "mean": 99131392.0,
          "max": 99131392
        },
        "peak_vram_bytes": {
          "min": 0,
          "mean": 0,
          "max": 0
        },
        "wall_s": {
          "min": 0.025349903000005725,
          "mean": 0.027342733700004375,
          "max": 0.032638589999976375
        },
        "cpu_s": {
          "min": 0.01564040599999994,
          "mean": 0.017563381700000002,
          "max": 0.02279289299999987
        },
        "energy_uj": "NA",
        "parity_percent": 100.0,
        "cache_hit_rate_percent": 100.0
      },
      "sqrt-15": {
        "peak_rss_bytes": {
          "min": 99131392,
          "mean": 99131392.0,
          "max": 99131392
        },
        "peak_vram_bytes": {
          "min": 0,
          "mean": 0,
          "max": 0
        },
        "wall_s": {
          "min": 0.025965563999989172,
          "mean": 0.027844877999996243,
          "max": 0.030429451999964385
        },
        "cpu_s": {
          "min": 0.01607894200000004,
          "mean": 0.018010414300000055,
          "max": 0.02050739200000007
        },
        "energy_uj": "NA",
        "parity_percent": 100.0,
        "cache_hit_rate_percent": 100.0
      },
      "sqrt-30": {
        "peak_rss_bytes": {
          "min": 99131392,
          "mean": 99131392.0,
          "max": 99131392
        },
        "peak_vram_bytes": {
          "min": 0,
          "mean": 0,
          "max": 0
        },
        "wall_s": {
          "min": 0.02542930200002047,
          "mean": 0.026932954800003017,
          "max": 0.0320071499999699
        },
        "cpu_s": {
          "min": 0.015716274999999946,
          "mean": 0.017163979400000008,
          "max": 0.02223645299999988
        },
        "energy_uj": "NA",
        "parity_percent": 100.0,
        "cache_hit_rate_percent": 100.0
      }
    }
  },
  "non_goals_note": "Not a distributed scheduler - single process only. Slowdown is expected but should be predictable. Tune FractalParams per domain for best results."
}