{
  "total_jobs": 3,
  "scenarios": {
    "synthetic": {
      "baseline": {
        "peak_rss_bytes": {
          "min": 63328256,
          "mean": 63328256.0,
          "max": 63328256
        },
        "peak_vram_bytes": {
          "min": 0,
          "mean": 0,
          "max": 0
        },
        "wall_s": {
          "min": 0.0001568430000133958,
          "mean": 0.0001568430000133958,
          "max": 0.0001568430000133958
        },
        "cpu_s": {
          "min": 0.00015540999999996696,
          "mean": 0.00015540999999996696,
          "max": 0.00015540999999996696
        },
        "energy_uj": "NA",
        "parity_percent": 100.0,
        "cache_hit_rate_percent": 0.0
      },
      "sqrt-4": {
        "peak_rss_bytes": {
          "min": 63459328,
          "mean": 63459328.0,
          "max": 63459328
        },
        "peak_vram_bytes": {
          "min": 0,
          "mean": 0,
          "max": 0
        },
        "wall_s": {
          "min": 0.0013580439999714145,
          "mean": 0.0013580439999714145,
          "max": 0.0013580439999714145
        },
        "cpu_s": {
          "min": 0.0013581849999999562,
          "mean": 0.0013581849999999562,
          "max": 0.0013581849999999562
        },
        "energy_uj": "NA",
        "parity_percent": 100.0,
        "cache_hit_rate_percent": 0.0
      },
      "sqrt-8": {
        "peak_rss_bytes": {
          "min": 63459328,
          "mean": 63459328.0,
          "max": 63459328
        },
        "peak_vram_bytes": {
          "min": 0,
          "mean": 0,
          "max": 0
        },
        "wall_s": {
          "min": 0.0009568049999870709,
          "mean": 0.0009568049999870709,
          "max": 0.0009568049999870709
        },
        "cpu_s": {
          "min": 0.0009571359999999141,
          "mean": 0.0009571359999999141,
          "max": 0.0009571359999999141
        },
        "energy_uj": "NA",
        "parity_percent": 100.0,
        "cache_hit_rate_percent": 0.0
      }
    }
  },
  "non_goals_note": "Not a distributed scheduler - single process only. Slowdown is expected but should be predictable. Tune FractalParams per domain for best results."
}