{
  "total_jobs": 6,
  "scenarios": {
    "tiny": {
      "baseline": {
        "peak_rss_bytes": {
          "min": 63586304,
          "mean": 63586304.0,
          "max": 63586304
        },
        "peak_vram_bytes": {
          "min": 0,
          "mean": 0,
          "max": 0
        },
        "wall_s": {
          "min": 0.0001383790000772933,
          "mean": 0.00014510650004240233,
          "max": 0.00015183400000751135
        },
        "cpu_s": {
          "min": 0.0001382780000001027,
          "mean": 0.00014433900000004884,
          "max": 0.00015039999999999498
        },
        "energy_uj": "NA",
        "parity_percent": 100.0,
        "cache_hit_rate_percent": 0.0
      },
      "sqrt-2": {
        "peak_rss_bytes": {
          "min": 63586304,
          "mean": 63586304.0,
          "max": 63586304
        },
        "peak_vram_bytes": {
          "min": 0,
          "mean": 0,
          "max": 0
        },
        "wall_s": {
          "min": 0.0008960820000538661,
          "mean": 0.0009097325000197998,
          "max": 0.0009233829999857335
        },
        "cpu_s": {
          "min": 0.0008963929999999953,
          "mean": 0.0009100085000000036,
          "max": 0.0009236240000000118
        },
        "energy_uj": "NA",
        "parity_percent": 100.0,
        "cache_hit_rate_percent": 100.0
      },
      "sqrt-3": {
        "peak_rss_bytes": {
          "min": 63586304,
          "mean": 63586304.0,
          "max": 63586304
        },
        "peak_vram_bytes": {
          "min": 0,
          "mean": 0,
          "max": 0
        },
        "wall_s": {
          "min": 0.0007452709999142826,
          "mean": 0.000758980999933101,
          "max": 0.0007726909999519194
        },
        "cpu_s": {
          "min": 0.0007454309999999076,
          "mean": 0.0007591314999999543,
          "max": 0.0007728320000000011
        },
        "energy_uj": "NA",
        "parity_percent": 100.0,
        "cache_hit_rate_percent": 100.0
      }
    }
  },
  "non_goals_note": "Not a distributed scheduler - single process only. Slowdown is expected but should be predictable. Tune FractalParams per domain for best results."
}